!File Type,Version Number Major,Version Number Minor,Version Number Build,
~Stock Code File,1,5,1,
!Last Updated,20040313,,,
!Code,Desc, Hire , Sale ,Kg
101103,STEEL SCAFFOLD TUBE 0.3M,$0.06,$4.89,1.6
101106,STEEL SCAFFOLD TUBE 0.6M,$0.10,$9.76,3.2
101109,STEEL SCAFFOLD TUBE 0.9M,$0.20,$14.66,4.7
101110,STEEL SCAFFOLD TUBE 1.0M,$0.22,$16.29,5.3
101112,STEEL SCAFFOLD TUBE 1.2M,$0.25,$19.54,6.3
101115,STEEL SCAFFOLD TUBE 1.5M,$0.29,$24.42,7.9
101118,STEEL SCAFFOLD TUBE 1.8M,$0.36,$29.32,9.5
101121,STEEL SCAFFOLD TUBE 2.1M,$0.44,$34.19,11.1
101124,STEEL SCAFFOLD TUBE 2.4M,$0.50,$39.09,12.6
101127,STEEL SCAFFOLD TUBE 2.7M,$0.54,$43.98,14.2
101130,STEEL SCAFFOLD TUBE 3.0M,$0.62,$48.85,15.8
101133,STEEL SCAFFOLD TUBE 3.3M,$0.68,$53.74,17.4
101136,STEEL SCAFFOLD TUBE 3.6M,$0.75,$58.62,19
101139,STEEL SCAFFOLD TUBE 3.9M,$0.82,$63.51,20.5
101142,STEEL SCAFFOLD TUBE 4.2M,$0.86,$68.40,22.1
101145,STEEL SCAFFOLD TUBE 4.5M,$0.92,$73.28,23.7
101148,STEEL SCAFFOLD TUBE 4.8M,$1.00,$78.16,25.3
101151,STEEL SCAFFOLD TUBE 5.1M,$1.06,$83.04,26.9
101154,STEEL SCAFFOLD TUBE 5.4M,$1.11,$87.95,28.4
101157,STEEL SCAFFOLD TUBE 5.7M,$1.18,$92.83,30
101160,STEEL SCAFFOLD TUBE 6.0M,$1.24,$97.71,31.6
101165,STEEL SCAFFOLD TUBE 6.5M,$1.35,$105.87,33.2
101203,TUBE ALUM 0.3M,$0.09,$8.57,0.5
101206,TUBE ALUM 0.6M,$0.23,$17.16,1
101209,TUBE ALUM 0.9M,$0.32,$25.72,1.5
101212,TUBE ALUM 1.2M,$0.47,$34.32,2
101215,TUBE ALUM 1.5M,$0.57,$42.89,2.6
101218,TUBE ALUM 1.8M,$0.68,$51.48,3.1
101221,TUBE ALUM 2.1M,$0.80,$60.05,3.6
101224,TUBE ALUM 2.4M,$0.91,$68.65,4.1
101227,TUBE ALUM 2.7M,$1.02,$77.21,4.6
101230,TUBE ALUM 3.0M,$1.13,$85.80,5.1
101233,TUBE ALUM 3.3M,$1.25,$94.36,5.6
101236,TUBE ALUM 3.6M,$1.38,$102.96,6.1
101239,TUBE ALUM 3.9M,$1.48,$111.54,6.6
101242,TUBE ALUM 4.2M,$1.60,$120.13,7.1
101245,TUBE ALUM 4.5M,$1.71,$128.69,7.7
101248,TUBE ALUM 4.8M,$1.81,$137.28,8.2
101251,TUBE ALUM 5.1M,$1.94,$145.85,8.2
101254,TUBE ALUM 5.4M,$2.05,$154.45,9.2
101257,TUBE ALUM 5.7M,$2.17,$163.01,9.7
101260,TUBE ALUM 6.0M,$2.28,$171.61,10.2
101265,TUBE ALUM 6.5M,$2.47,$185.89,10.7
101500,90 DEG. COUPLER 2X2,$0.24,$17.82,1.5
101501,SWIVEL COUPLER 2X2,$0.24,$19.03,1.5
101502,90 DEG. COUPLER 2X2.3/8,$0.25,$21.40,1.6
101503,SWIVEL COUPLER 2X2.3/8,$0.25,$23.11,1.6
101504,END TO END COUPLER,$0.24,$19.57,1
101505,PUTLOG COUPLER,$0.24,$12.92,0.6
101506,BASE PLATE 4.1/2 x 7 STD,$0.28,$13.80,1.5
101508,BASE PLATE 6 x 6 UNIVERSAL,$0.28,$13.80,1.2
101509,BEARER CLIP,$0.27,$16.93,1
101510,RAFTER CLIP,$0.27,$16.93,1
101514,ADJUST STAIR TREAD FITTING,$0.27,$20.99,2
101515,PUTLOG END ASSEMBLY,$0.27,$7.79,1
101516,BOARD RETAINING CLIP VIC,$0.24,$9.15,0.5
101517,GIRDER COUPLER,$0.79,$31.63,1.4
101520,HOARDING CLIP - K'S,$0.75,$43.32,0
101525,'C' CLAMP STANDARD CONNECTOR,$0.20,$16.90,1.5
102000,HANDRAIL POST (B/D) 300MM,$0.97,$29.97,
102002,HANDRAIL POST (B/D) 1000MM,$0.97,$47.83,5.2
102003,HANDRAIL POST L/DUTY,$2.12,$107.95,
102008,HANDRAIL POST - H/DUTY,$4.06,$140.62,19.3
102009,TIMBER RUNNERS,$0.75,$2.88,
102010,HANDRAIL POST (B/D) 700MM,$0.97,$39.26,
102011,P/FORM COVER PL 900X600X3MM,$0.68,$54.52,
102012,HANDRAIL POST-CLAMP TYPE,$1.05,$30.94,13.2
102015,GIN WHEEL,$7.04,$121.91,5
102020,CASTOR WHEEL POLY. TYRE,$4.65,$152.55,3.8
102025,NOT TO BE USED,$0.91,$28.22,0
102026,NOT TO BE USED,$0.00,$28.14,0.7
102027,NOT TO BE USED,$0.00,$23.70,
102041,12MM PLYWOOD HOARDING SQ M,$1.32,$16.93,5.3
102113,BOX SPANNER,$0.00,$42.20,0.7
102114,SCAFFOLD HAMMER,$0.00,$23.70,
102115,BOX SPANNER (BB),$0.00,$28.22,
102116,MAGNETIC LEVEL,$0.00,$22.58,
102117,SCAFF TAG KIT COMPLETE,$0.00,$100.00,
102118,SCAFF TAG PENS,$0.00,$4.50,
102130,LADDER-TIMBER 3.0M,$21.77,$234.78,5
102136,LADDER-TIMBER 3.6M,$21.77,$280.06,7
102142,LADDER-TIMBER 4.2M,$21.77,$316.81,9
102148,LADDER-TIMBER 4.8M,$21.77,$359.25,12
102154,LADDER-TIMBER 5.4M,$21.77,$398.06,13
102230,LADDER-ALUMINIUM 3.0M,$21.77,$180.61,6
102236,LADDER-ALUMINIUM 3.6M,$21.77,$215.42,7
102242,LADDER-ALUMINIUM 4.2M,$21.77,$243.71,9
102248,LADDER-ALUMINIUM 4.8M,$21.77,$276.35,10
102254,LADDER-ALUMINIUM 5.4M,$21.77,$306.82,11
102260,LADDER-ALUMINIUM 6.0M,$21.77,$341.62,12
102300,LADDER-TIMBER EXT 3.9/7.2M,$30.06,$513.62,
102303,LADDER-TIMBER EXT 4.2/7.7M,$30.06,$543.03,
102402,LADDER ALUM.EXT. 3.0/4.8M,$30.06,$329.40,
102403,LADDER-ALUM EXT 3.9/7.2M,$30.06,$522.67,
102404,LADDER ALUM.EXT. 9.9M,$30.06,"$1,152.19",
102440,PLYWOOD 1.8MX1.2MX19MM,$3.32,$55.32,
102441,PLYWOOD 2.4MX1.2MX19MM,$4.43,$73.76,
102442,PLYWOOD 1.8MX1.2MX17MM,$3.32,$48.61,
102443,PLYWOOD 2.4MX1.2MX17MM,$4.43,$64.81,
102444,PLYWOOD 2.4MX1.2MX12MM,$4.06,$47.55,
102445,PLYWOOD 1.8MX1.2MX12MM,$3.24,$35.66,
102500,PALLET - STEEL,$3.06,$176.15,35.3
102501,PALLET - STEEL M/S,$3.06,$176.15,45
102502,BIN PALLET,$9.03,$354.66,40
102503,HEAVY DUTY BIN PALLET,$15.06,$653.33,90
102504,MESHGUARD STEEL PALLET,$3.71,$237.04,
102518,WALL TIE 0.3M,$1.79,$53.60,
102519,WALL TIE 0.7M,$1.79,$53.60,
102520,WALL TIE 1.0M,$1.79,$53.60,
102521,WALLTIE BRACKET,$1.79,$53.60,2.1
102522,WALLTIE BRACKET - PUTLOG,$0.27,$14.54,
102550,COUNTERWEIGHT CONC - 1 TON,$4.43,$592.59,1000
102551,COUNTERWEIGHT CONC. 1/2 TON,$2.23,$296.30,500
102554,MID SPAN BD SUPPORT-QLD,$1.48,$35.56,
102556,LIFT SHAFT GUARD - STEEL,$3.26,$94.82,
102600,"JACK, ASL13 (32MM)",$0.71, $-   ,6.4
102610,"JACK, SWIVEL BASE, SX6",$0.83, $-   ,8.8
102611,JACKING SPINDLE SX7,$0.59, $-   ,6.6
102612,"JACK END CAP,SX8 (37MM)",$0.08, $-   ,0.2
102619,U HEAD JACK - SCAFFOLD,$0.95,$55.37,11.6
102622,BASE JACK - SCAFFOLD,$0.83,$43.01,7.3
102623,ADJ SLEEVE JACK,$0.49,$45.88,
102624,BASE JACK - FORMWORK,$0.82,$27.00,7.2
102625,U HEAD JACK - FORMWORK,$0.82,$32.72,9
102627,HOARDING BASE JACK-SCAFFOLD,$0.56,$48.54,
102630,NEEDLE 200 UB25 - 4.0M,$8.33,$264.60,72.8
102631,NEEDLE 200 UB25 - 4.5M,$9.39,$297.68,81.9
102632,NEEDLE 200 UB25 - 5.0M,$10.41,$330.75,91
102633,NEEDLE 200 UB25 - 5.5M,$11.45,$363.83,100.1
102634,NEEDLE 200 UB25 - 6.0M,$12.48,$396.90,109.2
102635,NEEDLE 200 UB25 - 6.5M,$13.52,$429.98,118.3
102636,NEEDLE 200 UB25 - 7.0M,$14.56,$463.05,127.4
102637,NEEDLE 200 UB25 - 7.5M,$15.60,$496.13,136.5
102638,NEEDLE 200 UB25 - 8.0M,$16.63,$529.20,145.6
102639,NEEDLE 250 UB31 - 4.0M,$8.47,$345.96,125.6
102640,NEEDLE 250 UB31 - 4.5M,$9.52,$389.21,141.3
102641,NEEDLE 250 UB31 - 5.0M,$10.61,$432.45,157
102642,NEEDLE 250 UB31 - 5.5M,$11.66,$475.70,172.7
102643,NEEDLE 250 UB31 - 6.0M,$12.72,$518.94,188.4
102644,NEEDLE 250 UB31 - 6.5M,$13.79,$562.19,204.1
102645,NEEDLE 250 UB31 - 7.0M,$14.83,$605.43,219.8
102646,NEEDLE 250 UB31 - 7.5M,$15.89,$648.68,235.5
102647,NEEDLE 250 UB31 - 8.0M,$16.95,$691.92,251.2
102648,NEEDLE 310 UB32 - 4.0M,$9.16,$364.28,128
102649,NEEDLE 310 UB32 - 4.5M,$10.28,$409.82,144
102650,NEEDLE 310 UB32 - 5.0M,$11.42,$455.35,160
102651,NEEDLE 310 UB32 - 5.5M,$12.57,$500.89,176
102652,NEEDLE 310 UB32 - 6.0M,$13.70,$546.42,192
102653,NEEDLE 310 UB32 - 6.5M,$14.85,$591.96,208
102654,NEEDLE 310 UB32 - 7.0M,$16.00,$637.49,224
102655,NEEDLE 310 UB32 - 7.5M,$17.15,$683.03,240
102656,NEEDLE 310 UB32 - 8.0M,$18.28,$728.56,256
102657,NEEDLE 360 UB44 - 4.0M,$11.03,$514.16,176
102658,NEEDLE 360 UB44 - 4.5M,$12.41,$578.43,198
102659,NEEDLE 360 UB44 - 5.0M,$13.80,$642.70,220
102660,NEEDLE 360 UB44 - 5.5M,$15.15,$706.97,242
102661,NEEDLE 360 UB44 - 6.0M,$16.54,$771.24,264
102662,NEEDLE 360 UB44 - 6.5M,$17.91,$835.51,286
102663,NEEDLE 360 UB44 - 7.0M,$19.30,$899.78,308
102664,NEEDLE 360 UB44 - 7.5M,$20.67,$964.05,330
102665,NEEDLE 360 UB44 - 8.0M,$22.05,"$1,028.32",352
102666,NEEDLE 410 UB53 - 4.0M,$12.51,$624.20,212
102667,NEEDLE 410 UB53 - 4.5M,$14.08,$702.23,328.5
102668,NEEDLE 410 UB53 - 5.0M,$15.63,$780.25,265
102669,NEEDLE 410 UB53 - 5.5M,$17.20,$858.28,291.5
102670,NEEDLE 410 UB53 - 6.0M,$18.76,$936.30,318
102671,NEEDLE 410 UB53 - 6.5M,$20.34,"$1,014.33",344.5
102672,NEEDLE 410 UB53 - 7.0M,$21.89,"$1,092.35",371
102673,NEEDLE 410 UB53 - 7.5M,$23.46,"$1,170.38",397.5
102674,NEEDLE 410 UB53 - 8.0M,$25.01,"$1,248.40",424
102675,NEEDLE 460 UB67 - 4.0M,$15.06,$755.28,268
102676,NEEDLE 460 UB67 - 4.5M,$16.95,$849.69,301.5
102677,NEEDLE 460 UB67 - 5.0M,$18.82,$944.10,335
102678,NEEDLE 460 UB67 - 5.5M,$20.71,"$1,038.51",368.5
102679,NEEDLE 460 UB67 - 6.0M,$22.61,"$1,132.92",402
102680,NEEDLE 460 UB67 - 6.5M,$24.49,"$1,227.33",435.5
102681,NEEDLE 460 UB67 - 7.0M,$36.36,"$1,321.74",469
102682,NEEDLE 460 UB67 - 7.5M,$28.25,"$1,416.15",502.5
102683,NEEDLE 460 UB67 - 8.0M,$30.12,"$1,510.56",536
102715,UNIT BEAM 1.5M,$4.22,$213.33,
102718,UNIT BEAM 1.8M,$3.20,$237.04,
102728,UNIT BEAM 2.8M,$8.13,$393.47,
102730,UNIT BEAM 3.0M,$8.45,$393.47,40.8
102736,UNIT BEAM 3.6M,$8.87,$470.96,47.6
102745,UNIT BEAM 4.5M,$9.87,$533.34,
102760,UNIT BEAM 6.0M,$11.26,$711.11,
102827,LADDER BEAM 2.7M,$4.43,$184.44,
102830,LADDER BEAM 3.0M,$4.92,$204.96,
102836,LADDER BEAM 3.6M,$5.92,$289.87,46
102845,LADDER BEAM 4.5M,$7.43,$307.43,79
102851,LADDER BEAM 5.1M,$8.36,$352.77,62.6
102853,LADDER BEAM 5.3M,$8.74,$362.10,67.3
102863,LADDER BEAM 6.3M,$10.37,$430.42,80
102900,NEEDLE LOCK PLT,$1.25,$22.40,
102925,NEEDLE 200 UB25 - PER METRE,$2.08,$116.48,25
102931,NEEDLE 250 UB31 - PER METRE,$2.12,$144.97,31
102940,NEEDLE 310 UB40 - PER METRE,$2.28,$175.62,40
102951,NEEDLE 360 UB51 PER METRE,$2.76,$189.32,
102960,NEEDLE 410 UB60 PER METRE,$3.13,$213.33,
102989,NEEDLE 178X89RSJ - PER METRE,$1.98,$104.30,
103003,KARRI PLANK (225X32) 0.3M,$0.24,$3.84,2.7
103006,KARRI PLANK (225X32) 0.6M,$0.47,$7.68,5.3
103009,KARRI PLANK (225X32) 0.9M,$0.69,$11.52,8
103012,KARRI PLANK (225X32) 1.2M,$0.91,$15.36,10.6
103015,KARRI PLANK (225X32) 1.5M,$1.16,$19.20,13.3
103018,KARRI PLANK (225X32) 1.8M,$1.39,$23.04,16
103021,KARRI PLANK (225X32) 2.1M,$1.61,$26.88,18.6
103024,KARRI PLANK (225X32) 2.4M,$1.85,$30.72,21.3
103027,KARRI PLANK (225X32) 2.7M,$2.07,$34.56,23.9
103030,KARRI PLANK (225X32) 3.0M,$2.32,$38.40,26.3
103033,KARRI PLANK (225X32) 3.3M,$2.56,$42.24,29.3
103036,KARRI PLANK (225X32) 3.6M,$2.76,$46.07,31.9
103039,KARRI PLANK (225X32) 3.9M,$3.00,$49.92,34.6
103042,KARRI PLANK (225X32) 4.2M,$3.22,$53.76,37.2
103045,KARRI PLANK (225X32) 4.5M,$3.47,$57.60,39.9
103048,KARRI PLANK (225X32) 4.8M,$3.71,$61.44,42.6
103303,F11 OREGON B&B (225X38) 0.3M,$0.25,$7.98,1.7
103306,F11 PLANKS (225X38) 0.6M,$0.49,$15.96,3.4
103309,F11 PLANKS (225X38) 0.9M,$0.72,$23.95,5.1
103312,F11 PLANKS (225X38) 1.2M,$0.96,$31.96,6.8
103315,F11 PLANKS (225X38) 1.5M,$1.22,$39.95,8.5
103318,F11 PLANKS (225X38) 1.8M,$1.46,$47.92,10.2
103321,F11 PLANKS (225X38) 2.1M,$1.69,$55.90,11.9
103324,F11 PLANKS (225X38) 2.4M,$1.94,$63.90,13.6
103327,F11 PLANKS (225X38) 2.7M,$2.17,$71.86,15.3
103330,F11 PLANKS (225X38) 3.0M,$2.44,$79.87,17
103333,F11 PLANKS (225X38) 3.3M,$2.69,$87.86,18.7
103336,F11 PLANKS (225X38) 3.6M,$2.90,$95.85,20.4
103339,F11 PLANKS (225X38) 3.9M,$3.15,$103.81,22.1
103342,F11 PLANKS (225X38) 4.2M,$3.38,$111.82,23.8
103345,F11 PLANKS (225X38) 4.5M,$3.64,$119.79,25.5
103348,F11 PLANKS (225X38) 4.8M,$3.90,$127.80,27.2
103351,F11 PLANKS (225X38) 5.1M,$4.12,$135.79,28.9
103354,F11 PLANKS (225X38) 5.4M,$4.37,$143.74,30.6
103357,F11 OREGON B&B (225X38) 5.7M,$4.60,$151.73,32.3
103360,F11 PLANKS (225X38) 6.0M,$4.84,$159.72,34
103503,F11 OREGON B&B (225X50) 0.3M,$0.24,$7.98,2.3
103506,F11 PLANKS (225X50) 0.6M,$0.47,$15.96,4.5
103509,F11 PLANKS (225X50) 0.9M,$0.69,$23.95,6.8
103512,F11 PLANKS (225X50) 1.2M,$0.91,$31.96,9.1
103515,F11 PLANKS (225X50) 1.5M,$1.16,$39.95,11.4
103518,F11 PLANKS (225X50) 1.8M,$1.39,$47.92,13.6
103521,F11 PLANKS (225X50) 2.1M,$1.61,$55.90,15.9
103524,F11 PLANKS (225X50) 2.4M,$1.85,$63.90,18.2
103527,F11 PLANKS (225X50) 2.7M,$2.07,$71.86,20.4
103530,F11 PLANKS (225X50) 3.0M,$2.32,$79.87,22.7
103533,F11 PLANKS (225X50) 3.3M,$2.56,$87.84,25
103536,F11 PLANKS (225X50) 3.6M,$2.76,$95.85,27.2
103539,F11 PLANKS (225X50) 3.9M,$3.00,$103.81,29.5
103542,F11 PLANKS (225X50) 4.2M,$3.22,$111.82,31.8
103545,F11 PLANKS (225X50) 4.5M,$3.47,$119.79,34.1
103548,F11 PLANKS (225X50) 4.8M,$3.71,$127.80,36.3
103551,F11 OREGON B&B (225X50) 5.1M,$0.00,$135.79,
103554,F11 PLANKS (225X50) 5.4M,$4.16,$143.74,40.9
103557,F11 PLANKS (225X50) 5.7M,$0.00,$151.71,
103560,F11 PLANKS (225X50) 6.0M,$4.61,$159.72,45.4
103724,STEEL BOARD ANTI SKID 2.42M,$1.88,$84.55,16.4
103730,STEEL BOARD ANTI SKID 3.03M,$2.35,$104.48,20.5
103736,STEEL BOARD ANTI SKID 3.64M,$2.85,$117.12,24.4
103742,STEEL BOARD ANTI SKID 4.25M,$3.31,$146.16,29
103748,STEEL BOARD ANTI SKID 4.86M,$3.78,$163.38,32.4
103754,STEEL BOARD ANTI SKID 5.40M,$4.19,$181.42,36.5
103812,(103312)F11 (230X39) 1.2M,$0.87,$31.96,3.1
103815,(103315) F11 (230X39) 1.5M,$1.10,$39.95,3.9
103818,(103318) F11 (230X39) 1.8M,$1.32,$47.92,4.7
103821,(103321) F11 (230X39) 2.1M,$1.53,$55.90,5.5
103824,(103324) F11 (230X39) 2.4M,$1.76,$63.90,6.2
103827,(103327) F11 (230X39) 2.7M,$1.97,$71.86,7
103830,(103330) F11 (230X39) 3.0M,$2.21,$79.87,7.8
103833,(103333) F11 (230X39) 3.3M,$2.44,$87.84,8.6
103836,(103336) F11 (230X39) 3.6M,$2.63,$95.85,9.4
103839,(103339) F11 (230X39) 3.9M,$2.86,$103.81,10.1
103842,(103342) F11 (230X39) 4.2M,$3.07,$111.82,10.9
103845,(103345) F11 (230X39) 4.5M,$3.30,$119.79,11.7
103848,(103348) F11 (230X39) 4.8M,$3.53,$127.80,12.4
103851,(103351) F11 (230X39) 5.1M,$3.73,$135.75,13.2
103854,(103354) F11 (230X39) 5.4M,$3.96,$143.74,14
103912,(103512) F11 (230X45) 1.2M,$0.87,$31.96,
103915,(103515) F11 (230X45) 1.5M,$1.10,$39.95,
103918,(103518) F11 (230X45) 1.8M,$1.32,$47.92,
103921,(103521) F11 (230X45) 2.1M,$1.53,$55.90,
103924,(103524) F11 (230X45) 2.4M,$1.76,$63.90,
103927,(103527) F11 (230X45) 2.7M,$1.97,$71.86,
103930,(103530) F11 (230X45) 3.0M,$2.18,$79.85,
103933,(103533) (225X45) 3.3M,$2.44,$87.84,
103936,(103536) F11 (230X45) 3.6M,$2.63,$95.85,
103939,(103539) F11 (230X45) 3.9M,$2.86,$103.81,
103942,F11 LAM PLK B&B(230X45) 4.2M,$3.07,$111.82,
103945,(103545) F11 (230X45) 4.5M,$3.30,$119.79,
103948,(103548) F11 (230X45) 4.8M,$3.53,$127.80,
103951,F11 LAM PLK B&B(230X45) 5.1M,$3.73,$135.75,
103954,(103554) F11 (230X45) 5.4M,$3.96,$143.74,
103975,SOLEBOARD 0.5M,$0.42,$3.39,5
103982,SOLEBOARD 1.2M,$0.71,$10.16,
103985,SOLEBOARD 1.5M,$0.90,$10.16,
103990,KWIKPLANK 225X50 ALUM 3.0M,$5.04,$255.91,
106010,FRAME 0.6 x 1.0M,$13.17,$154.03,5
106015,FRAME 0.6 x 1.5M,$25.20,$215.87,7.5
106110,FRAME 1.2 x 1.0M,$17.55,$172.57,8.5
106115,FRAME 1.2 x 1.5M,$13.17,$243.67,0
106210,FRAME 1.8 x 1.0M,$17.55,$191.11,7.5
106215,FRAME 1.8 x 1.5M,$13.17,$271.49,10.5
106310,FRAME 2.4 x 1.0M,$17.55,$284.91,0
106315,FRAME 2.4 x 1.5M,$13.17,$394.96,0
106410,FRAME 3.0 x 1.0M,$17.55,$303.43,12
106415,FRAME 3.0 x 1.5M,$13.17,$422.78,17
106501,BRACE DIAGONAL 1.2M,$17.55,$73.64,2
106502,BRACE DIAGONAL 1.8M,$5.46,$81.35,2.5
106503,BRACE DIAGONAL 2.4M,$5.46,$90.62,3
106504,BRACE DIAGONAL 3.0M,$5.46,$97.91,3.5
106511,BRACE HORIZONTAL 1.2M,$5.46,$67.46,2
106512,BRACE HORIZONTAL 1.8M,$5.46,$76.73,2.5
106513,BRACE HORIZONTAL 2.4M,$5.46,$86.01,3
106514,BRACE HORIZONTAL 3.0M,$5.46,$95.27,3.5
106552,BRACE PLAN 0.6 x 1.8M,$5.46,$80.90,3
106554,BRACE PLAN 0.6 X 2.4M,$5.46,$83.96,3
106561,BRACE PLAN 1.2 x 1.2M,$5.46,$77.83,2.5
106562,BRACE PLAN 1.2 x 1.8M,$5.46,$84.00,0
106563,BRACE PLAN 1.2 x 2.4M,$5.46,$91.73,3.5
106564,BRACE PLAN 1.2 x 3.0M,$5.46,$99.48,4
106572,BRACE PLAN 1.8 x 1.8M,$5.46,$90.17,0
106573,BRACE PLAN 1.8 x 2.4M,$5.46,$96.37,4
106574,BRACE PLAN 1.8 x 3.0M,$5.46,$104.08,4
106583,BRACE PLAN 2.4 x 2.4M,$5.46,$104.08,4
106584,BRACE PLAN 2.4 x 3.0M,$5.46,$110.26,4.5
106594,BRACE PLAN 3.0 x 3.0M,$5.46,$102.54,4.5
106746,OUTRIGGER 1.2M-1.6M BASE EXT,$16.41,$386.22,5
106811,STANDARD PLATFORM 1.2M,$21.91,$216.26,11
106812,STANDARD PLATFORM 1.8M,$21.91,$239.69,16.5
106813,STANDARD PLATFORM 2.4M,$21.91,$287.73,21
106814,STANDARD PLATFORM 3.0M,$21.91,$330.91,26
106821,LADDER HATCH PLATFORM 1.2M,$21.91,$270.36,12
106822,LADDER HATCH PLATFORM 1.8M,$21.91,$293.46,17.5
106823,LADDER HATCH PLATFORM 2.4M,$21.91,$319.76,22
106824,LADDER HATCH PLATFORM 3.0M,$21.91,$374.82,27
106830,TOE BOARD 0.6M (200X32 F8),$2.17,$19.48,
106831,TOE BOARD 1.2M (200x32 F8),$2.17,$23.66,0
106832,TOE BOARD 1.8M (200x32 F8),$2.17,$28.11,0
106833,TOE BOARD 2.4M (200x32 F8),$2.17,$32.30,0
106834,TOE BOARD 3.0M (200x32 F8),$2.17,$36.99,0
106840,ADJUSTABLE CASTOR 150MM,$10.96,$205.62,4.5
106841,ADJUSTABLE CASTOR 200MM,$12.06,$159.71,
106853,LADDER WITH OUTRIGGERS 3.0M,$17.55,$377.06,8.5
106854,LADDER WITH OUTRIGGERS 4.0M,$17.55,$437.70,13
106855,LADDER WITH OUTRIGGERS 5.0M,$17.55,$487.90,14
106856,LADDER WITH OUTRIGGERS 6.0M,$17.55,$564.64,17
107005,STANDARD 0.5M,$0.75,$39.68,1.8
107008,STANDARD 0.8M,$0.78,$41.48,5
107010,STANDARD 1.0M,$0.71,$45.24,6.5
107015,STANDARD 1.5M,$0.87,$60.97,9.3
107020,STANDARD 2.0M,$1.00,$75.85,12.1
107025,STANDARD 2.5M,$1.17,$88.63,14.9
107030,STANDARD 3.0M,$1.38,$100.94,17.7
107045,STANDARD OPEN END 0.5M,$0.75, $-   ,
107050,STANDARD OPEN END 1.0M,$0.71,$38.84,5.5
107055,STANDARD OPEN END 1.5M,$0.82,$54.58,8.3
107060,STANDARD OPEN END 2.0M,$0.91,$69.46,11
107065,STANDARD OPEN END 2.5M,$1.12,$82.23,13.9
107070,STANDARD OPEN END 3.0M,$1.31,$94.55,16.7
107080,HOARDING STD 3.0M,$1.08,$95.33,
107090,STAGE STANDARD,$0.71,$34.03,5.3
107091,STAGE STUMP,$0.71,$34.03,
107095,INTERMEDIATE STANDARD 2.0M,$1.69,$124.16,
107099,LEDGER TRANSOM 1.8M,$4.46,$240.17,36.5
107100,LEDGER TRANSOM 2.4M,$4.87,$275.64,41.9
107108,LEDGER 0.8M,$0.46,$39.55,
107112,LEDGER 1.2M,$0.56,$44.73,5.8
107115,LEDGER 1.5M,$0.57,$47.41,7.1
107118,LEDGER 1.8M,$0.59,$52.59,8.6
107124,LEDGER 2.4M,$0.69,$60.47,11.3
107131,LEDGER 3.1M,$0.83,$66.50,14
107150,BRIDGING LEDGER 4.8M,$5.91,$379.48,30.6
107170,HANDRAIL POST - K'S TYPE,$0.97,$47.83,8.5
107172,HOARDING STRUTS,$0.54,$62.81,
107173,CANTILEVER BRACKET,$7.39,$341.33,
107174,(USE 117174)CONNECTOR LOCKING PIN,$0.27,$3.26,
107200,TRANSOM RETURN 0.7M,$1.38,$103.62,0
107201,TRANSOM RETURN 1.2M,$1.52,$126.99,12.9
107202,TRANSOM STRINGER,$5.36,$253.24,
107203,TRANSOM STD CONNECTOR,$1.48,$22.52,
107204,INTERMEDIATE BOARD SUPP.1.2M,$1.52,$126.99,12.9
107206,TRANSOM 0.6M,$1.52,$41.18,5
107208,TRANSOM 0.8M,$0.59,$44.09,5.9
107212,TRANSOM 1.2M,$0.63,$51.59,9.6
107215,TRANSOM 1.5M,$0.75,$59.26,11.8
107218,TRANSOM 1.8M,$0.90,$63.56,13.7
107224,TRANSOM 2.4M,$1.38,$101.89,22.3
107230,LA TRANSOM 1.3M,$0.95,$83.46,8.5
107231,LA TRANSOM 1.8M,$1.13,$91.90,12.3
107232,LA TRANSOM 2.4M,$1.35,$101.10,16.1
107250,GANTRY TRANSOM 1.2M,$0.75,$72.06,11.9
107255,GANTRY TRANSOM 1.8M,$1.11,$94.57,18.4
107260,GANTRY TRANSOM 2.4M,$1.48,$143.22,24.6
107313,BRACE 1.3M,$0.62,$33.17,6.1
107317,BRACE 1.7M,$0.62,$49.54,7
107321,BRACE 2.1M,$0.66,$50.61,9.7
107327,BRACE 2.7M,$0.83,$60.93,12.8
107330,BRACE 3.0M,$0.86,$62.95,
107332,BRACE 3.2M,$0.87,$65.56,14.5
107336,BRACE 3.6M,$1.00,$68.86,16
107400,TOE BOARD CLIP,$0.25,$17.79,0.8
107403,CORNER TOE BOARD CLIP,$0.42,$36.51,
107405,END TOE BOARD CLIP,$0.34,$24.81,0.8
107406,BOARD CLAMP 1.2M,$0.75,$26.55,
107407,STEEL BOARD 0.8M,$0.60,$35.56,6.1
107412,STEEL BOARD 1.2M,$0.76,$49.02,9.2
107418,STEEL BOARD 1.8M,$0.91,$61.88,13
107424,STEEL BOARD 2.4M,$1.16,$75.90,17
107426,STEEL BOARD INFILL 1.2M,$0.66,$34.40,
107427,STEEL BOARD INFILL 1.8M,$1.00,$51.60,
107428,STEEL BOARD INFILL 2.4M,$1.37,$72.24,
107431,STEEL BOARDS 3.1M,$1.48,$85.94,23.5
107507,KWIKBOARD (OREGON) 0.8M,$1.25,$50.37,6.4
107512,KWIKBOARD (OREGON) 1.2M,$2.00,$79.79,11
107518,KWIKBOARD (OREGON) 1.8M,$2.78,$111.62,15
107524,KWIKBOARD (OREGON) 2.4M,$3.62,$143.56,20
107525,KWIKBOARD INFILL (OREG) 1.2M,$0.72,$29.30,5.5
107526,KWIKBOARD INFILL (OREG) 1.8M,$1.35,$55.81,
107527,KWIKBOARD INFILL (OREG) 2.4M,$1.72,$71.78,
107530,TIMBER STAIR TREAD 300X1.2M,$2.00,$31.02,
107601,1 BOARD HOP-UP BRACKET,$0.57,$25.93,2.3
107602,2 BOARD HOP-UP BRACKET,$0.76,$53.65,6.5
107603,3 BOARD HOP-UP BRACKET,$1.67,$89.60,12.4
107605,1 BOARD STEP DOWN BRACKET,$0.59,$36.59,
107610,INTERNAL CORNER FILLER,$2.59,$135.04,11.3
107611,TIE BAR 0.8M,$0.21,$16.57,2.5
107612,TIE BAR 1.2M,$0.30,$19.68,3.4
107618,TIE BAR 1.8M,$0.32,$24.63,5
107624,TIE BAR 2.4M,$0.34,$29.09,6.6
107631,TIE BAR 3.1M,$0.45,$31.40,8.5
107800,FAN TRANSOM - LIGHT DUTY,$1.02,$62.98,9.8
107801,FAN HANGER - LIGHT DUTY,$0.50,$30.19,7.1
107802,DOUBLE C COUPLER,$0.20,$16.90,1.1
107803,FAN TRANSOM - HEAVY DUTY,$2.84,$137.83,
107804,FAN HANGER - HEAVY DUTY,$2.70,$115.97,
107820,STAIR STRINGER 1.6M (RH),$2.73,$232.85,16.7
107821,STAIR STRINGER 1.6M (LH),$2.73,$232.85,16.7
107822,STAIR STRINGER 3.0M (R.H.),$5.74,$375.06,34.4
107823,STAIR STRINGER 3.0M (L.H.),$5.74,$375.06,34.4
107824,STAIR STRINGER HANDRAIL 1.6M,$0.72,$39.66,7.2
107825,STAIR STRINGER HANDRAIL 3.0M,$1.01,$123.24,12.9
107826,STAIR STRINGER 7BD RIGHT,$4.06,$304.59,
107827,STAIR STRINGER 7BD LEFT,$4.06,$304.59,
107829,MESH GUARDS 0.8M,$2.00,$107.81,7.4
107830,MESH GUARDS 1.2M,$2.13,$130.61,12.9
107831,MESH GUARDS 1.8M,$2.46,$156.12,13.5
107832,MESH GUARDS 2.4M,$2.70,$175.39,18.5
107833,MESH GUARDS 550 X 1910,$1.34,$88.20,12
107834,MESH GUARDS 1150 X 1910,$2.70,$136.05,20
107850,ALUM STAIRWAY 1.5M RISE,$19.49,"$1,059.40",20.5
107851,ALUM STAIR HANDRAIL 1.5M,$1.29,$128.10,5.7
107852,ALUM TOP HANDRAIL,$3.75,$358.01,16.2
107870,SOCKET BASE 100,$0.24,$16.93,1.8
107871,SOCKET BASE 350,$0.38,$28.65,3.6
107872,SOCKET BASE 600,$0.50,$32.33,4.5
107880,U HEAD 100,$0.38,$21.50,2.3
107882,U HEAD 150,$0.42,$23.89,2.8
107883,U HEAD 200,$0.49,$26.26,3.3
108001,MILFRAME 1.5 x 1.08 (M),$0.75,$98.80,
108002,MF33 FRAME 1.5M,$1.98,$144.15,23.6
108102,MF312 BRACE 1.8M,$0.53,$40.38,7.9
108103,MF314 BRACE 1.5M,$0.53,$37.68,7.2
108104,MF331 BRACE 2.3M,$0.53,$44.41,8.4
108105,MF332 BRACE 1.8M,$0.53,$40.38,7
108151,MF361 TIE BAR 2.3M,$0.53,$30.30,3.9
108152,MF362 TIE BAR 1.8M,$0.53,$14.82,3.1
108161,MF3101 HANDRAIL POST,$0.53,$22.89,4.1
108201,"MF3121 LEDGER 7'-6""",$0.62,$44.74,13.2
108205,MF3130 TRANSOM,$0.62,$37.73,8.4
109000,STANDARD CONNECTOR,$0.20,$16.90,0.6
109005,STANDARD 0.5M,$0.75,$39.68,
109009,STANDARD STAIR STARTER,$0.71,$34.03,2.1
109010,STANDARD 1.0M,$0.71,$45.24,6
109015,STANDARD 1.5M,$0.87,$60.97,9
109020,STANDARD 2.0M,$1.00,$86.23,12
109025,STANDARD 2.5M,$1.17,$88.63,15
109030,STANDARD 3.0M,$1.38,$122.13,18.5
109100,LEDGER TRANSOM 2.4M,$8.05,$296.90,43.5
109108,LEDGER/HANDRAIL 0.8M,$0.46,$39.55,3.8
109112,LEDGER/HANDRAIL 1.2M,$0.56,$47.25,5.6
109118,LEDGER/HANDRAIL 1.8M,$0.59,$59.47,8
109124,LEDGER/HANDRAIL 2.4M,$0.69,$73.45,10.5
109150,M/S BRIDGING LEDGER 4.8,$5.16,$379.48,
109170,HANDRAIL POST M/S TYPE,$1.05,$35.56,
109200,"TRANSOM, RETURN 1.2M",$1.52,$126.99,9.8
109206,TRANSOM 0.6M,$0.27,$45.95,4.3
109208,TRANSOM 0.8M,$0.59,$50.36,6
109212,TRANSOM 1.2M,$0.63,$55.38,8.5
109218,TRANSOM 1.8M,$0.90,$86.86,16
109224,TRANSOM 2.4M,$1.38,$105.26,20.6
109260,STAIR TRANSOM - M/S,$3.10,$130.38,
109313,BRACE 1.3M,$0.62,$33.17,7
109315,BRACE 1.56M,$0.62,$47.41,8.2
109319,BRACE 1.9M,$0.66,$93.88,9.5
109327,BRACE 2.7M,$0.83,$109.04,13.5
109328,BRACE 2.83M,$0.86,$62.95,13.9
109331,BRACE 3.12M,$0.87,$65.56,15.2
109335,BRACE 3.5M,$1.00,$149.77,17
109400,TOE BOARD CLIP,$0.25,$17.79,0.6
109403,CORNER TOE BOARD CLIP,$0.21,$15.70,
109408,MILPLANK STEEL 0.8M,$0.60,$35.56,
109412,MILPLANK STEEL 1.2M,$0.76,$54.14,7.6
109418,MILPLANK STEEL 1.8M,$0.91,$61.88,11.5
109424,MILPLANK STEEL 2.4M,$1.16,$80.73,15.1
109425,HOOK ON MILPLANK STEEL 2.4M,$1.16,$80.26,16.7
109506,MILPLANK TIMBER 0.6M,$0.92,$37.78,
109508,MILPLANK 0.8M,$1.25,$50.37,
109512,MILPLANK TIMBER 1.2M,$2.00,$79.79,10
109518,MILPLANK TIMBER 1.8M,$2.78,$111.62,15
109524,MILPLANK TIMBER 2.4M,$3.62,$143.56,20
109530,INFILL BOARD 1.2M 150MM,$0.92,$26.02,
109531,INFILL BOARD 1.8M 90MM,$1.37,$27.04,
109532,INFILL BOARD 1.8M 150MM,$1.37,$35.74,
109534,INFILL BOARD 2.4M 150MM,$1.74,$41.58,
109535,INFILL BOARD 2.4M 90MM,$1.74,$34.82,
109601,1 BOARD HOP-UP BRACKET,$0.57,$32.76,2
109602,2 BOARD HOP-UP BRACKET,$0.76,$79.25,5.5
109603,3 BOARD HOP-UP BRACKET,$1.67,$54.52,8
109610,INTERNAL CORNER FILLER,$2.59,$135.04,13.7
109611,TIE BAR 0.8M M/S,$0.21,$16.57,
109612,TIE BAR 1.2M,$0.30,$27.37,3.2
109618,TIE BAR 1.8M,$0.32,$31.01,5
109624,TIE BAR 2.4M,$0.34,$36.99,7
109800,FAN TRANSOM ADAPTOR,$1.02,$62.98,1.6
109801,FAN HANGER,$0.50,$30.19,1.2
109802,MILSYSTEM SPACER,$0.24,$11.52,0.9
109810,LADDER HATCH,$2.71,$62.51,15.5
109811,LADDER HATCH 1.6M,$2.71,$103.96,
109812,LADDER HATCH H/R FRAME,$2.52,$95.64,
109820,STAIR STRINGER 1.56M (R.H.),$6.12,$329.33,14.8
109821,STAIR STRINGER 1.56M (L.H.),$6.12,$329.33,14.8
109822,STAIR STRINGER 3.12M (R.H.),$9.19,$605.71,30
109823,STAIR STRINGER 3.12M (L.H.),$9.19,$605.71,30
109824,STAIRTREAD 1.2M,$0.91,$58.22,
109832,MESHGUARD S/P 1150X1920 M/S,$2.70,$136.05,20
109833,M/PANEL (SA) FACE 1.2x2.0,$2.70,$248.89,14.6
109835,M/PANEL (SA) FACE 0.6x2.0,$2.13,$237.58,8.4
109836,M/PANEL (SA) FACE 0.8x2.0,$2.26,$244.36,
109837,BRICKGUARD/MILSYSTEM 1.2x1.0,$2.13,$141.73,5.6
109838,BRICKGUARD/MILSYSTEM 1.8x1.0,$2.46,$189.19,8.3
109839,BRICKGUARD/MILSYSTEM 2.4x1.0,$2.70,$210.54,16
109840,M/PANEL(STD MESH)END 1.2x1.0,$2.13,$111.95,5.6
109841,M/PANEL(STD MESH)END 0.8x1.0,$1.93,$88.49,3.4
109850,ALUM STAIRWAY 1.5M RISE,$18.56,"$1,059.40",20.5
109851,ALUM STAIR HANDRAIL 1.5M,$1.23,$128.10,2.6
109852,ALUM TOP HANDRAIL,$3.57,$358.01,10.6
109900,KNEE BRACE,$0.59,$62.81,
110000,MS/80 STANDARD CONNECTOR,$0.20,$16.90,0.8
110005,MS/80 STANDARD 0.5M,$0.71,$34.03,
110008,MS/80 STANDARD 0.8M,$0.78,$41.48,
110010,MS/80 STANDARD 1.0M,$0.71,$45.24,3.5
110015,MS/80 STANDARD 1.5M,$0.87,$60.97,5.3
110020,MS/80 STANDARD 2.0M,$1.00,$75.85,7
110025,MS/80 STANDARD 2.5M,$1.17,$88.63,8.8
110030,MS/80 STANDARD 3.0M,$1.38,$100.94,10.6
110108,MS/80 LEDGER 0.5M,$0.46,$39.55,
110112,MS/80 LEDGER/HANDRAIL 1.2M,$0.56,$44.73,3.5
110118,MS/80 LEDGER/HANDRAIL 1.8M,$0.60,$52.59,4.8
110124,MS/80 LEDGER/HANDRAIL 2.4M,$0.69,$60.47,6.2
110208,MS/80 TRANSOM 0.8M,$0.59,$44.09,5.4
110212,MS/80 TRANSOM 1.2M,$0.63,$51.59,6.6
110218,MS/80 TRANSOM 1.8M,$0.90,$63.56,12.8
110224,MS/80 TRANSOM 2.4M,$1.38,$101.89,16
110313,MS/80 BRACE 1.3M,$0.62,$33.17,4.1
110319,MS/80 BRACE 1.9M,$0.66,$50.61,5.6
110327,MS/80 BRACE 2.7M,$0.83,$60.93,7.5
110335,MS/80 BRACE 3.5M,$1.00,$68.86,9.3
110750,MS/80 BASE JACK,$0.83,$43.01,3.5
111225,K/FOLD 2M UNIT,$10.17,$903.38,
111226,K/FOLD 4M UNIT MK3,$19.14,"$1,706.35",
111227,K/FOLD 6M UNIT MK3,$26.97,"$2,413.31",
111228,K/FOLD 4M UNIT MK1,$19.14,"$1,706.35",
111229,K/FOLD 6M UNIT MK1,$26.97,"$2,413.31",
111232,K/FOLD 4M UNIT NO MESH,$19.14,"$1,706.35",
111233,K/FOLD 6M UNIT NO MESH,$26.97,"$2,413.31",
111237,K/FOLD 4M STAIR UNIT 1.2M,$24.76,"$1,706.35",
111238,K/FOLD 6M STAIR UNIT 1.2M,$32.61,"$2,413.31",
111243,K/FOLD 4M HALF UNIT,$15.71,"$1,399.78",
111244,K/FOLD 6M HALF UNIT,$21.60,"$1,931.44",
111248,K/FOLD 4M HALF UNIT NO MESH,$15.71,"$1,399.78",
111249,K/FOLD 6M HALF UNIT NO MESH,$21.60,"$1,931.44",
111250,K/FOLD 2M END MESH,$1.17,$272.78,
111251,K/FOLD 4M END MESH,$2.35,$450.31,
111252,"K/FOLD 6M END ME""",$3.33,$17.08,
111351,"K/FOLD 90DEG M"" FITTING""",$0.34,$35.89,
111374,K/FOLD STAIR HANDRAIL,$1.23,$128.10,5.7
111375,K/FOLD TOP HANDRAIL,$2.10,$181.57,
111380,K/FOLD STAIRPLANK TRANS 0.7M,$0.83,$27.41,
111381,K/FOLD STAIR TRANSOM 0.7M,$0.83,$55.21,
111385,K/FOLD HOP UP BRACKET 1BD,$0.60,$47.79,
111386,K/FOLD HOP UP BRACKET 2BD,$0.75,$65.60,
111387,K/FOLD HOP UP BRACKET 3BD,$0.86,$68.70,
111388,K/FOLD HOP UP EXT BRACKET,$0.34,$68.70,
111391,K/FOLD BASE HOPUP 2 BD,$0.75,$65.60,
111392,K/FOLD HLF UNIT HANDRAIL,$0.50,$41.53,
111393,K/FOLD UNIT HANDRAIL,$0.75,$41.53,
111395,K/FOLD 2 BD INT CNR FILLER,$0.80,$66.22,
111396,K/FOLD DOUBLE SPIGOT HEAD,$0.60,$52.92,
111399,K/FOLD GRAVITY PIN,$0.25,$4.57,
111400,K/FOLD FLOOR TIE BRACKET,$0.34,$30.80,
111401,K/FOLD RAKER TIE BRACKET,$0.75,$42.47,
111405,K/FOLD STEEL BOARD 1125,$0.60,$34.35,
111406,K/FOLD STEEL BOARD 1800,$0.86,$51.99,0
111407,K/FOLD STEEL BOARD 2132,$0.86,$51.99,
111408,K/FOLD STEEL BOARD 2285,$1.11,$62.47,
111410,K/FOLD TUBE TIE 250,$0.48,$38.13,
111411,K/FOLD TUBE TIE 500,$0.48,$42.03,
111412,K/FOLD TUBE TIE 1000,$0.48,$45.87,
111413,K/FOLD TUBE TIE 1500,$0.57,$49.85,
111414,K/FOLD TUBE TIE 2000,$0.57,$53.77,0
111415,K/FOLD TUBE TIE 2500,$0.60,$53.77,
111417,K/FOLD WALLTIE 300,$0.29,$13.19,
111418,K/FOLD WALL TIE 600,$0.50,$26.38,
111431,K/FOLD DOUBLE TUBE TIE 1000,$1.46,$26.58,
111432,K/FOLD DOUBLE TUBE TIE 1500,$1.46,$41.67,
111433,K/FOLD DOUBLE TUBE TIE 2000,$1.46,$56.74,
111434,K/FOLD DOUBLE TUBE TIE 2500,$1.46,$71.82,
111449,K/FOLD BASE LEDGER 1036,$1.46,$34.39,
111450,K/FOLD HLF UNIT BASE LEDGER,$0.50,$30.71,
111451,K/FOLD BASE LEDGER 1778,$0.75,$54.21,
111452,K/FOLD UNIT BASE LEDGER,$0.75,$41.53,
111455,K/FOLD BASE TRANSOM,$0.75,$41.53,
111468,K/FOLD END BRACE 1405,$0.60,$32.81,
111471,K/FOLD FACE BRACE 2733,$0.86,$48.58,
111477,K/FOLD OFFSET BEAM,$5.29,$248.27,
111500,K/FOLD ANGLE COVER PLATE,$1.24,$169.00,
111501,K/FOLD STRGHT COVER PLATE,$1.24,$103.06,
111502,K/FOLD FLAP PLATE,$0.34,$103.06,
111511,K/FOLD MESH 2000 x 2200,$3.68,$64.81,
111514,K/FOLD MESH 4000 x 1050,$3.68,$64.81,
111515,K/FOLD MESH 4000 x 2200,$7.35,$129.65,
111517,K/FOLD MESH 6000 x 2200,$11.03,$194.46,
111518,K/FOLD MESH 6000 x 500,$2.74,$48.61,
111520,K/FOLD BIN PALLET,$4.65,$274.42,
111521,K/FOLD PALLET LEG,$0.17,$13.07,
111522,K/FOLD UNIT PALLET,$10.01,$893.97,
111523,K/FOLD TUBE PALLET,$3.06,$182.93,
111524,K/FOLD STORAGE PALLET LEG,$3.06,$32.19,
111531,K/FOLD UNIT SLING,$26.28,"$1,379.20",
111532,LIFTING BEAM,$0.00,$810.00,100
111600,KWIKFOLD SHORT SPINDLE JACK,$0.84,$43.01,
112110,FRAME 0.8 x 1.0,$13.17,$152.41,5.3
112112,FRAME 0.8 x 2.0,$21.91,$284.18,10
112210,FRAME 1.35 x 1.0,$13.17,$182.64,6.6
112211,FRAME 1.35 x 1.5,$17.55,$266.29,9.5
112212,FRAME 1.35 x 2.0,$21.91,$342.93,11.9
112310,FRAME 1.9 x 1.0,$13.17,$212.93,7.8
112311,FRAME 1.9 x 1.5,$17.55,$321.91,11.3
112312,FRAME 1.9 x 2.0,$21.91,$397.42,14.2
112510,FRAME 3.0 x 1.0,$13.17,$344.87,11.7
112511,FRAME 3.0 x 1.5,$17.55,$506.82,17.6
112512,FRAME 3.0 x 2.0,$21.91,$644.13,24.3
112550,BASE FRAME 0.8x2.09 SA/QLD,$21.91,$251.18,11.4
112551,BASE FRAME 1.35x2.09 SA/QLD,$21.91,$299.30,13.9
112552,BASE FRAME 1.9x2.09 SA/QLD,$21.91,$343.75,16.8
112553,BASE FRAME 3.0x2.09 SA ONLY,$21.91,$558.53,28.6
112554,BASE FRAME 3.0x2.09 QLD ONLY,$21.91,$586.96,28.6
112601,FRAME G26LW 0.8 x 1.0,$21.91,$137.11,4.9
112603,FRAME G26LW 0.8 x 2.0,$21.91,$256.62,9
112604,FRAME G26LW 1.35 x 1.0,$21.91,$158.44,5.6
112605,FRAME G26LW 1.35 x 1.5,$18.38,$230.11,8
112606,FRAME G26LW 1.35 x 2.0,$21.91,$304.91,9.9
112607,FRAME G26LW 1.9 x 1.0,$21.91,$173.64,6.4
112650,BRACE DIAGONAL G26LW 1.9,$5.70,$73.87,2.1
112652,BRACE DIAGONAL G26LW 3.0,$9.88,$89.89,2.8
112655,BRACE HORIZONTAL G26LW 1.9,$5.46,$70.37,1.9
112657,BRACE HORIZONTAL G26LW 3.0,$9.86,$87.42,2.7
112662,BRACE PLAN G26LW 1.35 x 1.9,$5.94,$76.65,2.2
112663,BRACE PLAN G26LW 1.35 x 3.0,$7.09,$91.45,2.9
112664,BRACE PLAN G26LW 1.9 x 1.9,$6.34,$81.72,2.4
112665,BRACE PLAN G26LW 1.9 x 3.0,$9.95,$95.14,2.7
112701,STANDARD PLATFORM 1.4M,$21.91,$126.19,
112703,STANDARD PLATFORM 1.9M,$21.91,$248.02,14.5
112705,STANDARD PLATFORM 3.0M,$21.91,$366.33,23.1
112711,LADDERHATCH PLATFORM 1.4M,$21.91,$100.74,
112713,LADDER HATCH PLATFORM 1.9M,$21.91,$318.60,15.4
112715,LADDER HATCH PLATFORM 3.0M,$21.91,$419.47,24
112725,LADDER 3.0M,$17.55,$313.32,9
112727,LADDER 4.5M,$17.55,$413.41,13.2
112728,LADDER 5.5M,$17.55,$451.13,15
112732,KICKBOARD 1.35M,$2.17,$40.03,14.3
112733,KICKBOARD 1.9M,$2.17,$43.82,22.4
112735,KICKBOARD 3.0M,$2.17,$52.94,32
112740,HANDRAIL POST,$5.46,$64.01,
112741,90 CLIP 50 x 48,$0.44,$70.55,1.1
112742,SW CLIP 50 x 48,$0.44,$99.59,1.3
112746,OUTRIGGER 1.2M-1.6M BASE EXT,$8.76,$358.90,5
112752,CASTOR ADJUSTABLE 125x610,$3.40,$208.67,4.6
112762,CASTOR ADJUSTABLE 150x610,$10.96,$213.87,4.8
112800,DIAGONAL BRACE 1.4M,$5.46,$38.40,
112803,BRACE DIAGONAL 1.9 (B),$5.46,$90.20,2.4
112805,BRACE DIAGONAL 3.0 (B),$5.46,$114.39,4.1
112828,HORIZONTAL BRACE 1.4M,$5.46,$38.40,
112830,BRACE HORIZONTAL 1.9 (Y),$5.46,$84.89,2
112850,BRACE HORIZONTAL 3.0 (Y),$5.46,$110.90,3.9
112862,BRACE PLAN 1.35 x 1.9 (R),$5.46,$93.89,3.1
112863,BRACE PLAN 1.35 x 3.0 (R),$5.46,$117.06,4.2
112864,BRACE PLAN 1.9 x 1.9 (R),$5.46,$101.65,3.5
112865,BRACE PLAN 1.9 x 3.0 (R),$5.46,$122.51,4.5
112866,BRACE PLAN 3.0 x 3.0 (R),$5.46,$119.03,5
112905,CASTOR CUP NUT,$0.29,$18.97,0
112910,FRAME SPIGOT,$0.19,$11.67,0.3
112944,AL TWR GRASPER SPRING,$0.06,$0.32,0
112945,AL TWR GRASPER SPLIT PIN,$0.06,$0.18,0
112949,SCREWJACK TOMMY BAR,$0.07,$5.67,0
112950,SCREWJACK GRUB SCREW 6MM,$0.03,$2.44,0
114001,CRADLE END HANGER HDG,$13.39,$329.33,11.5
114002,CRADLE MODULE 1.8M ALUM,$44.64,"$1,108.89",39
114003,CRADLE MODULE 0.9M ALUM,$22.31,$767.17,23
114010,PLATFORM 2 MAN 0.9 x 0.9M,$55.80,"$1,219.48",85.5
114015,BOSUN'S CHAIR,$33.47,$558.01,14
114100,MILTRACK TRACK BEAM,$3.36,$125.08,9
114101,MILTRACK END BEAM ASSEMBLY,$3.57,$280.97,10
114102,MILTRACK SUSPEN ASSEMBLY,$2.65,$143.62,2.7
114103,MILTRACK TROLLEY ASSEMBLY,$9.11,$329.11,10.3
114200,"ANCHOR WEIGHT,25.4KG",$1.37,$74.37,25.4
114201,LIGHT LINE 12MM (M),$9.18, $-   ,0.1
114202,SISAL ROPE 20MM (M),$0.22,$1.25,0.3
114203,SHACKLES ALL SIZES,$1.81,$28.44,0
114500,MK2 R/RIG NOSE BEAM,$17.84,$127.58,9
114505,MK2 R/RIG MAIN BEAM,$17.84,$125.08,9
114510,MK2 R/RIG SUPPORT BRACKET,$2.23,$53.33,1.5
114515,MK2 R/RIG SPLICE PLATE SET,$0.97,$59.06,6.5
114520,MK2 R/RIG HANGER BRACKET,$0.51,$30.72,2.5
114525,COUNTERWEIGHT STEEL,$1.68,$77.41,25
114539,PARAPET HANGERS,$5.57,$470.62,
114540,JIB HEAVY DUTY OUTER COMP.,$13.83,$631.04,
114541,JIB HEAVY DUTY INNER COMP.,$13.83,$405.00,
114600,ALPHA WINCH ELECTRIC,$199.43,"$7,395.57",59
114601,ALPHA WINCH CONTROL ELEC,$8.96,$308.15,3
114602,ALPHA WINCH AIR,$262.87,"$10,638.24",58
114603,ALPHA SKYLOCK O/SPEED BRAKE,$22.06,$809.49,4
114604,ALPHA WINCH COVER (ELEC),$0.72,$112.60,0.3
114610,ALPHA ELEC. DIST. BOX,$31.94,"$1,179.26",10.2
114617,WINCH BOX,$58.30,$426.67,
114618,STIRRUP STRAP,$58.30,$472.89,
114619,DIST.BOX WINCH EXTENSION ,$11.62,$387.00,13.5
114620,ALPHA WIRE ROPE 9MM 4/36 25M,$17.60,$124.44,8.5
114622,ALPHA WIRE ROPE 9MM 4/36 50M,$35.19,$248.89,17
114624,ALPHA WIRE ROPE 9MM 4/36 75M,$52.77,$373.34,25.5
114626,ALPHA WIREROPE 9MM 4/36 100M,$70.36,$497.78,34
114628,ALPHA WIREROPE 9MM 4/36 125M,$87.96,$622.22,42.5
114630,ALPHA WIRE ROPE (METRES),$0.71,$4.98,
114641,ELEC FLEX 25A 56/0.30 P. MT,$0.49,$16.01,2.7
114642,ELEC FLEX SINGLE WINCH ADAPT,$2.17,$71.11,0.4
114653,AIR FILTER/LUBRICATOR UNIT,$15.63,$810.67,8
114658,AIRHOSE YOKE FOR 5.4M CRADLE,$4.59,$235.63,4.3
114700,3 WAY ALPHA ELEC.DIST.BOX,$35.19,"$2,610.24",
117000,PROP NO. 0 ,$3.20,$62.48,13.6
117001,PROP NO. 1 ,$3.20,$75.14,19.5
117002,PROP NO. 2,$3.20,$79.98,21.8
117003,PROP NO. 3 ,$3.20,$85.71,24.5
117004,PROP NO. 4,$3.20,$108.25,30.9
117012,PROP KSI NO. 2,$3.05,$82.66,16
117013,PROP KSI NO. 3,$3.05,$86.09,18
117100,"MILCENTRE, MK1, LARGE",$2.28,$99.76,38
117101,"MILCENTRE, MK1, SMALL",$2.28,$71.84,22.7
117110,(117000)PROP NO. 0 - GALV,$3.05,$63.96,
117111,(117001)PROP NO. 1 - GALV,$3.05,$80.43,
117112,(117002)PROP NO. 2 - GALV,$3.05,$84.30,
117113,(117003)PROP NO. 3 - GALV,$3.05,$90.29,
117150,PROP INNER NO. 0,$0.81,$19.90,
117151,PROP INNER NO. 1,$0.81,$24.84,
117152,PROP INNER NO. 2,$0.81,$28.89,
117153,PROP INNER NO. 3,$0.81,$34.07,
117154,PROP INNER NO. 4,$0.81,$47.70,
117155,PROP OUTER,$1.17,$68.83,
117174,CONNECTOR LOCKING PIN,$0.28,$3.26,
117201,"SHORE-X BASE FRAME, SX1",$1.90, $-   ,35.9
117203,"SHORE-X EXTENSION FRAME, SX3",$1.56, $-   ,28
117204,"SHORE-X ADAPTOR PIN, SX4",$0.44,$30.15,0.5
117205,"SHORE-X END BRACE,4FT,SX5",$0.62, $-   ,7.3
117210,FRAME CONNECTOR MSH20,$0.06, $-   ,0.9
117211,PIN & CHAIN,$0.29,$2.69,
117212,FLAT BASE MSH41,$0.25, $-   ,3.4
117214,U FORK HEAD MSHU8,$0.25, $-   ,3.1
117300,FORMWORK FRAME CONNECTOR,$0.23,$6.19,1
117301,FORMWORK FRAME 0.9M,$1.48,$61.64,23
117302,FORMWORK FRAME 1.2M ,$1.55,$70.61,27
117303,FORMWORK FRAME 1.5M,$1.71,$79.50,29
117304,FORMWORK FRAME 1.8M,$1.85,$85.26,33
117305,(117301)FORMWORK FRAME 0.9M - GAL,$1.48,$68.90,23
117306,(117302)FORMWORK FRAME 1.2M - GAL,$1.55,$78.12,27
117307,(117303)FORMWORK FRAME 1.5M - GAL,$1.71,$88.21,29
117308,(117304)FORMWORK FRAME 1.8M - GAL,$1.85,$94.78,33
117309,FORMWORK FRAME EXTENTION,$0.97,$29.63,
117310,FORMWORK TELESCOPIC FRAME,$1.55,$86.44,
117434,SF34 X BRACE,$0.57,$15.44,5.4
117435,SF35 X BRACE,$0.57,$18.65,6.3
117436,SF36 X BRACE,$0.57,$18.65,
117444,SF44 X BRACE,$0.57,$15.44,
117445,SF45 X BRACE,$0.57,$18.65,7.2
117446,SF46 X BRACE,$0.57,$18.65,
117454,SF54 X BRACE,$0.57,$18.65,6.7
117455,SF55 X BRACE,$0.57,$18.65,7.6
117456,SF56 X BRACE,$0.57,$21.20,
117458,SF58 X BRACE,$0.57,$32.43,
117464,SF64 X BRACE,$0.57,$18.65,7.6
117465,SF65 X BRACE,$0.57,$18.65,8.6
117466,SF66 X BRACE,$0.57,$20.72,9.5
117500,COLUMN CLAMP WEDGE,$0.08,$0.82,
117501,COLUMN CLAMP - 1,$0.78,$14.71,
117502,COLUMN CLAMP - 2,$0.78,$19.10,
117503,COLUMN CLAMP - 3,$0.78,$22.54,
117600,ADJ. COLLAR,$1.23,$37.71,
117601,FORMWORK BASE PLATE,$0.28,$13.80,
117602,LINK SPACE,$0.23,$2.83,
117603,G/R POST (FORMWORK),$1.79,$130.38,
118024,SOLDIER 2.4M,$3.29, $-   ,25.1
118027,SOLDIER 2.7M,$3.68, $-   ,28.3
118036,SOLDIER 3.6M,$4.91, $-   ,37.7
118045,SOLDIER 4.5M,$6.16, $-   ,47.1
118048,SOLDIER 4.8M,$6.55, $-   ,50.3
118055,SOLDIER 5.5M,$7.51, $-   ,57.6
118061,SOLDIER 6.1M,$8.35, $-   ,63.9
118072,SOLDIER 7.2M,$9.86, $-   ,75.4
118081,SOLDIER 8.1M,$11.08, $-   ,84.8
118100,LIGHT BEAM CLIP,$0.07, $-   ,0
118110,JOINING UNIT,$0.32, $-   ,0
118118,LIGHTBEAM 1.8M,$1.90, $-   ,5
118124,LIGHTBEAM 2.4M,$2.57, $-   ,6.6
118136,LIGHTBEAM 3.6M,$3.82, $-   ,9.9
118148,LIGHTBEAM 4.8M,$5.08, $-   ,13.2
118155,LIGHTBEAM 5.5M,$5.85, $-   ,15.1
118161,LIGHTBEAM 6.1M,$6.46, $-   ,16.8
118173,LIGHTBEAM 7.3M,$7.74, $-   ,20.1
118202,RAKER ADJUSTABLE,$246.26, $-   ,0
119001,SOLDIER RIGHT HAND 7.5M,$7.22,$497.78,
119002,SOLDIER LEFT HAND 7.5M,$7.22,$497.78,
119003,SOLDIER RIGHT HAND 9.8M,$8.16,$561.14,
119004,SOLDIER LEFT HAND 9.8M,$8.16,$561.14,
119012,SOLDIER EXTENSION 4.5M,$3.06,$210.42,
119101,FOOT CONNECTION BRACKET,$0.56,$38.02,
119102,PUSH-PULL CONNECTION BRACKET,$0.25,$16.51,
119103,PUSH-PULL SLAB BRACKET,$0.27,$19.68,
119104,PUSH-PULL SHORE,$2.64,$181.01,
119105,UPPER LIFTING BRACKET,$0.24,$15.27,
119106,LOWER LIFTING BRACKET,$0.38,$27.15,
119110,FOOT ASSEMBLY,$1.97,$135.64,
119111,ADJUSTABLE FOOT PAD,$0.38,$27.15,
119112,"LOAD PIN R"" CLIP""",$0.04,$3.40,
119115,FOOT SIDE PLATE,$0.66,$23.19,
119116,FOOT SIDE PLATE WITH NUT,$0.66,$27.33,
119117,FOOT SIDE PLATE SPACER,$0.66,$8.13,
119118,8.8 HT BOLT M20 x 120MM GALV,$0.66,$2.93,
119119,8.8 NUT M20 GALV,$0.66,$1.31,
119120,WASHER M20 GALV,$0.66,$1.31,
119200,SCREEN PANEL 3020 x 2420,$5.82,$373.76,
119201,SCREEN PANEL 3020 x 1220,$3.92,$269.26,
119202,SCREEN PANEL 3020 x 620,$2.70,$172.51,
119204,SCREEN PANEL 2420 x 1220,$3.64,$196.93,
119205,SCREEN U BOLT (SINGLE),$3.64,$6.46,
119206,SCREEN U BOLT (DOUBLE),$3.64,$6.63,
119300,WING PANEL 1020 x 3020,$3.77,$259.08,
119301,WING PANEL 1020 x 2420,$3.14,$185.39,
119305,WING PANEL 520 x 2420,$2.12,$135.20,
119400,SCREEN PANEL CONNECTING CLIP,$0.01,$6.33,
119401,90DEG WING PANEL CLIP,$0.25,$10.18,
119402,45DEG WING PANEL CLIP,$0.19,$10.18,
119403,TRAILING SCREEN HINGE,$0.19,$10.18,
119404,TRAILING SCREEN CHAIN,$0.20,$10.87,
119406,PLY STRAP 900MM,$0.09,$8.57,
119408,TUBE SADDLE CLAMP,$0.24,$15.85,
119409,PLY FLAP BRACKET,$0.05,$36.34,
119410,PLY RETAIN CLIP WITH CHAIN,$0.09,$8.70,1
119790,KWIKSCREEN WING NUT 16MM,$0.05,$2.99,
119791,K/SCREEN Z BAR 16MM - PER MTR,$0.09,$4.53,
119793,KWIKSCREEN CONDUIT 32MM,$0.05,$1.74,
119794,KWIKSCREEN CAPS (BLUE)38MM,$0.04,$0.37,
119796,KWIKSCREEN WING PANEL SPEC,$2.23,$88.89,
119797,KWIKSCREEN 50MM LONG HEX NUT,$0.07,$3.02,
119798,KWIKSCREEN ANCHOR BASE PL,$0.04,$0.80,
120006,PLY HOARDING PANEL 0.6M,$4.42,$186.21,22
120012,PLY HOARDING PANEL 1.2M,$5.78,$239.43,36
120100,HOARD. C/WEIGHT CARRIER BKT,$0.80,$50.40,6.2
120118,BUFFER RAIL C/WEIGHT 1.8M,$2.02,$125.22,132
120124,BUFFER RAIL C/WEIGHT 2.4M,$2.02,$129.11,176
120210,NOT TO BE USED,$0.00, $-   ,
120220,HOARD. END COVER PANEL,$2.10,$87.44,14.9
120230,HOARD. TOP COVER PANEL 1.2M,$1.01,$41.43,6.4
120235,HOARD. TOP MESHGUARD 1.8M,$2.69,$111.51,8.2
120240,HOARD. TOP MESHGUARD 2.4M,$3.56,$148.67,10.9
125001,KFI 003 LADDER CEE 5.49M,$0.59,$0.31,0
147000,SHADECLOTH (ROLL), $-   ,$169.31,18
147001,WOOD PALLET, $-   ,$23.70,
147002,DRUM - 200 LITRE, $-   ,$23.70,
147003,CHAIN WIRE MESH (ROLL), $-   ,$78.23,62.1
147004,TOBY BAR NUTS, $-   ,$5.92,
147005,TOBY BAR 1.2M, $-   ,$11.86,
147006,COACH BOLTS, $-   ,$1.08,
147007,M12 BOLTS/NUTS, $-   ,$0.23,
147008,DYNA BOLTS, $-   ,$5.64,
147009,GAL SP WASHERS, $-   ,$0.13,
147010,ROLL TIE WIRE, $-   ,$7.90,
147011,THREADED ROD 1M LGTH, $-   ,$5.08,
147012,SOLEBOARDS, $-   ,$3.39,
147013,(102113) BOX SPANNER, $-   ,$28.14,0.7
147014,(102114) SCAFFOLD HAMMER, $-   ,$23.70,
147015,SCAFFOLD BELT COMPLETE, $-   ,$90.30,
147016,LASHING WIRE, $-   ,$0.85,
147017,(102115) BOX SPANNER (BB), $-   ,$28.22,
147018,TIE WIRE 1.57 X 1KG (BLK), $-   ,$5.02,
147019,TIE WIRE 1.57 X 3KG (GAL.), $-   ,$16.97,
147020,SOLEBOARD 225 X 32 X 1.5M, $-   ,$4.84,
147021,SOLEBOARD 225 X 32 X 0.5M, $-   ,$1.61,
147030,VISQUEEN (CLEAR) 1.8M X 50M, $-   ,$94.06,
147032,VISQUEEN (ORANGE) 1.8M X 50M, $-   ,$87.34,
147033,BLACK PLASTIC, $-   ,$59.13,
147040,PLYWOOD (STRUC) 1.2X2.4X19MM, $-   ,$53.59,32
147041,PLYWOOD (STRUC) 1.2X2.4X17MM, $-   ,$47.41,25.3
147042,PLYWOOD (STRUC) 1.2X2.4X12MM, $-   ,$33.09,19
147050,FORMPLY(F14MIN)1.2X2.4X17MM, $-   ,$77.01,
147051,FORMPLY(F14MIN)1.2X1.8X17MM, $-   ,$59.50,
147060,BUFFER RAIL (OREGON) X L/MTR, $-   ,$32.25,
147070,UNIT BEAM (B/N/W) - PLATE, $-   ,$1.66,
147071,UNIT BEAM (B/N/W) - TUBE, $-   ,$2.31,
147075,ALUM STAIR H/RAIL (B/N/W), $-   ,$0.43,
147077,STAIR STRINGER (B/N/W), $-   ,$0.59,
147078,HOARD.C/WEIGHT BRKT (B/N/W), $-   ,$1.67,
147080,THREADED ROD M10 X 1.0M, $-   ,$2.69,
147081,THREADED ROD M16 X 1.0M, $-   ,$7.07,
147083,THREADED ROD M20 X 1.0M, $-   ,$7.74,
147085,HEX. NUT M10, $-   ,$0.22,
147086,HEX. NUT M16, $-   ,$0.20,
147087,HEX. NUT M20, $-   ,$0.48,
147090,ROUND WASHER M10, $-   ,$0.05,
147091,ROUND WASHER M16, $-   ,$0.14,
147092,ROUND WASHER M20, $-   ,$0.22,
147095,SQUARE WASHER M10, $-   ,$0.48,
147096,SQUARE WASHER M16, $-   ,$0.82,
147097,SQUARE WASHER M20, $-   ,$0.98,
147100,CHEM.ANCHOR STUD/CAPS.M16, $-   ,$8.17,
147101,CHEM.ANCHOR STUD/CAPS.M20, $-   ,$14.82,
147105,MECH.ANCHOR (DYNABOLT) M16, $-   ,$1.60,
147106,MECH.ANCHOR (DYNABOLT) M20, $-   ,$3.02,
147107,MECH.ANCHOR (DYNASET) M16, $-   ,$1.80,
147108,MECH.ANCHOR (DYNASET) M20, $-   ,$2.90,
147110,CONC.INSERT M16, $-   ,$2.92,
147111,CONC.INSERT M20, $-   ,$3.90,
147115,CABLE TIES - PKT 100, $-   ,$32.25,
147120,(102116) MAGNETIC LEVEL, $-   ,$22.58,
147125,TAPE MEASURE 8M, $-   ,$24.73,
147130,(102117)SCAFF TAGE KIT COMP, $-   ,$100.00,
147131,(102118) SCAFF TAG PENS, $-   ,$4.50,
155001,"T.HD BOLT 9/16X4.7/16""-2""""", $-   ,$4.67,
155002,"T.HD BOLT 9/16X4.13/16""-2.3/8""", $-   ,$5.83,
155003,"SCAFF NUT TAPPED 9/16""", $-   ,$0.63,
155004,SCAFF RECT.LOCK WAS 9/16, $-   ,$0.51,
155005,BOLT BSW FOR R/ANGLE COUPL, $-   ,$2.24,
155006,"BENT BOLT 1/2 UK90""", $-   ,$3.99,
155007,"SCAFF NUT TAPPED 1/2""", $-   ,0.67,
155008,ROUND WASHER 1/2 BSW EZP, $-   ,$0.31,
155009,"T.HD BOLT 3/8 X 3"" E/E""", $-   ,$1.27,
155010,"3/8 NUT FOR END TO END""", $-   ,$1.49,
155011,END-END COUPLER PARTITION, $-   ,$0.73,
155012,HOOK BOLT 12MM LONG TYPE, $-   ,$4.44,
155013,M12 NUT FOR HOOK BOLT, $-   ,$0.67,
155014,PUTLOG CLIP BODY ONLY, $-   , $-   ,
155015,GIRDER COUPLER SET SCREW, $-   ,$5.00,
155016,1/2 COUPLER-CNR FILLER, $-   , $-   ,
155017,K/SNAP ALUM.TUBE 48.4 X 2.64, $-   , $-   ,
155018,K/SNAP PLY DECK SUP 25X25X2MM, $-   , $-   ,
155019,K/SNAP DECK SIDE RAIL 6M, $-   , $-   ,
155020,MET P NYL NUT M10, $-   , $-   ,
155021,BOLT ZINC 8.8 H/T M10 X 60MM, $-   , $-   ,
155022,BOLT FOR IMP.90 DEG./SWIVEL, $-   ,$0.52,
155023,NUT FOR IMP.90 DEG./SWIVEL, $-   ,$0.52,
155060,U CLAMP M16-GIRDER COUPLER, $-   ,$11.10,
155100,STAIRWAY PINLOCK STUD STD, $-   ,$8.25,
155101,STAIRWAY PINLOCK STUD -VIC, $-   , $-   ,
155102,STAIRWAY PINLOCK FLIPPER&PIN, $-   , $-   ,
155200,SCAFF BOARD BRANDING IRON, $-   , $-   ,
155201,OREG.K/BOARD BANDING STRP 64MM, $-   ,$1.68,
155202,SCAFF.PLANK BANDING STRIP 38MM, $-   ,$1.68,
155203,MILPLANK END CHANNEL 16G, $-   ,$3.79,
155204,KWIKBOARD END CHANNEL, $-   ,$4.45,
155300,MILFRAME SPIGOT-LONG, $-   ,$3.42,
155301,MILFRAME PINLOCK, $-   ,$1.87,
155302,PINLOCK FLIPPER, $-   , $-   ,
15540004,TIE BAR PIN, $-   , $-   ,
155605,6X6 BASE PLATE PUNCHED, $-   , $-   ,
155606,"L.T. U"" BRACKET""", $-   , $-   ,
155607,L.T. J END, $-   , $-   ,
155608,PALLET LEG, $-   , $-   ,
155700,M/S CONN. WEDGE 1603KI, $-   , $-   ,
155701,M/S SPRING WEDGE , $-   , $-   ,
155702,28MM M/S SPR. WEDGE GAL, $-   , $-   ,
155703,28MM M/S SPR. WEDGE RAW, $-   ,$2.38,
155704,SPRING WEDGE RETAINING PIN, $-   , $-   ,
155705,BRICKGUARD MESH K/S 2.4M, $-   , $-   ,
155706,BRICKGUARD MESH K/S 1.8M, $-   , $-   ,
155707,BRICKGUARD MESH K/S 1.2M, $-   , $-   ,
155708,K/S B/GUARD 310MM K/BOARDS, $-   , $-   ,
155709,K/S B/GUARDS TOP H/RAILS, $-   , $-   ,
155710,K/S B/GUARDS END PLATE, $-   , $-   ,
155711,BRICKGUARD MESH M/S 2.4M, $-   , $-   ,
155712,BRICKGUARD MESH M/S 1.8M, $-   , $-   ,
155713,M/S SINGLER QUAD CLUSTER, $-   , $-   ,
155714,M/S 4 QUAD CLUSTER PIECE, $-   , $-   ,
155715,M/S REPLACEMENT LUG, $-   , $-   ,
155716,TOP HAT SECTION 1.2M, $-   , $-   ,
155717,"M/S BRACE END C"" FITTING""", $-   , $-   ,
155718,M/S CONN MALE HALF COMPL, $-   , $-   ,
155719,M/S CONN FEMALE HALF COMPL, $-   , $-   ,
155720,M/S CONNECTOR GUSSETS, $-   , $-   ,
155721,M/S CONNECTOR CRESCENTS, $-   , $-   ,
155722,"C"" FITTINGS NO WEDGE/PIN""", $-   , $-   ,
155723,"U"" PRESSING EARED OLD TYPE""", $-   , $-   ,
155724,M/S LED. END WITH WEDGE BLK, $-   , $-   ,
155730,KWIKSNAP FRAME SPIGOT CAST., $-   , $-   ,
155731,KWIKSNAP TEE JOINER CASTING, $-   , $-   ,
155732,K/SNAP PLY 2400X560X15MM, $-   ,$31.62,
155733,K/SNAP PLY 1842X560X15MM, $-   ,$32.71,
155734,K/SNAP PLY 1800X560X15MM, $-   ,$32.90,
155735,K/SNAP PLY 624X560X15MM, $-   ,$14.62,
155736,K/SNAP PLY 612X560X15MM, $-   ,$10.23,
155737,K/SNAP BEV PLY 1504X560X15MM, $-   ,$35.09,
155738,K/SNAP BEV PLY 1504X560X15MM, $-   ,$37.10,
155739,K/SNAP BEV PLY 922X560X15MM, $-   ,$21.50,
155740,K/SNAP BEV PLY 723X560X15MM, $-   ,$17.00,
155741,K/SNAP GRASPER SPRING, $-   ,$0.35,
155742,K/SNAP GRASPER PIN, $-   ,$2.98,
155743,K/SNAP GRASPER SPLIT PIN, $-   ,$0.40,
155744,K/SNAP H/BOLT PINS-PL/STEEL, $-   ,$0.53,
155745,K/SNAP H/BOLT COLLARS-PL/ST, $-   ,$0.12,
155746,K/SNAP HTCH TUBE 25X3MMX6.5M, $-   ,$27.83,
155747,K/SNAP FRAME GUSSET 12X4M, $-   ,$16.91,1.2
155748,K/SNAP TEE JOINER CASTING, $-   ,$8.97,
155749,K/SNAP SPIGOT CASTING, $-   ,$12.10,
155750,K/SNAP GRASPER CASTING, $-   ,$9.93,
155751,K/SNAP GRASPER ASSEMBLY, $-   ,$13.87,
155752,K/SNAP LH SUPPORT HOOK, $-   ,$12.06,
155753,K/SNAP RH SUPPORT HOOK, $-   ,$12.06,
155754,K/SNAP DOUBLE TEE CASTING, $-   ,$6.99,
155800,VEE PRESSING, $-   ,$0.72,
155801,1/2 ROUND PRESSING PLAIN, $-   ,$1.73,
155802,1/2 ROUND PRESSING HOLED, $-   ,$1.73,
155803,BOX WEDGE, $-   ,$3.13,
155804,TEE PIN, $-   ,$2.16,
155805,CURVED WASHER, $-   ,$0.28,
155806,CEE PRESSING, $-   ,$3.39,
155807,BANANA, $-   ,$1.40,
155808,"U"" PRESSING PLAIN""", $-   ,$1.58,
155809,"U"" PRESSING EARED SPLAYED""", $-   ,$2.73,
155810,"7 WEDGE""", $-   ,$1.00,
155811,"6 WEDGE""", $-   ,$0.90,
155812,PALLET CUP HOLED, $-   ,$5.12,
155813,PALLET CUP PLAIN, $-   ,$4.74,
155900,RUBBER FEET, $-   ,$0.31,
155901,R.H. SUPPORT HOOK, $-   ,$0.31,
155902,L.H. SUPPORT HOOK, $-   ,$0.31,
155903,GREEN PAINT/10ML UNITS, $-   , $-   ,
155904,C/WHEEL (FLEXELLO), $-   , $-   ,
155910,ADJ.CASTOR SPINDLE & NUT, $-   , $-   ,
156001,KFI 004 TREAD 6.1M LNS, $-   , $-   ,
156002,KFI 005 STILE 4.9M LNS, $-   , $-   ,
156003,40NB M/GAL PE LNS, $-   , $-   ,
156004,40NB H/BLK PE 6.0M LNS, $-   , $-   ,
156005,40NB H/BLK PE 6.5M LNS, $-   , $-   ,
156006,40NB H/BLK PE 6.93M LNS, $-   , $-   ,
156007,40X40X4 RMS 8M LNS, $-   , $-   ,
156008,50X50X4 RMS 8M LNS, $-   , $-   ,
156009,100X50X2.5 RHS 8M LNS, $-   , $-   ,
156010,40X3 M/S FLAT 6M LNS, $-   , $-   ,
156011,40X5 M/S FLAR 6M LNS, $-   , $-   ,
156012,RETURN TRANSOM GUSSET (PR), $-   , $-   ,
156013,19 OD X 2.0 TUBE METRE, $-   , $-   ,
156014,25NB LIGHT PIPE 6.5M LNS, $-   , $-   ,
156015,50X50X5 ANGLE 100MM UNITS, $-   , $-   ,
156016,64X51X6.5 M/S ANGLE 100MM, $-   , $-   ,
156017,40X6 FLAT X 6 METRE, $-   , $-   ,
156018,50X5 FLAT 6 METRE, $-   , $-   ,
156019,50X10 FLAT 6 METRE, $-   , $-   ,
156020,12.7 OD BRT ROD / KG, $-   , $-   ,
156021,16 DIAM M/S ROD 6 METRE, $-   , $-   ,
156022,25X5 FLAT 6M LNS, $-   , $-   ,
156023,45X8 K1070 FLAT/KG, $-   , $-   ,
156024,HA 200 P/OILED PLATE/KG, $-   , $-   ,
156025,50X6 U1004 FLAT/KG, $-   , $-   ,
156026,39MM M/S ROUND 100MM UNITS, $-   , $-   ,
156027,1200 RETURN TRANSOM PRESS, $-   , $-   ,
156028,3 S.B. GUSSET, $-   , $-   ,
156029,30X30X6 ANGLE/METRES, $-   , $-   ,
156030,1 1/2X1/2 BSW BLK SET SCREW, $-   , $-   ,
156031,"U"" HEAD PRESSING""", $-   , $-   ,
156032,25X25X5 M/S ANGLE, $-   , $-   ,
156033,40X40X5 ANGLE 7.5M, $-   , $-   ,
156034,50X50X5 ANGLE 9M, $-   , $-   ,
156035,BRICKGUARD TOP HOOK, $-   , $-   ,
156036,BRICKGUARD BOTTOM FOOT, $-   , $-   ,
172001,K/FOLD 1.2 STAIR TREAD 938, $-   , $-   ,
172002,K/FLD HALFUNIT STEELBD 968MM, $-   , $-   ,
172003,K/FOLD STAIR TREAD 610MM, $-   , $-   ,
172004,M16X95MM M/HEAD BOLT, $-   , $-   ,
172005,K/FOLD UNIT KICKBD 2166MM, $-   , $-   ,
172006,K/FLD HALFUNIT KICKBD 1004MM, $-   , $-   ,
172007,M16 X 25MM BOLT Z/P, $-   , $-   ,
172008,5/8 X 56MM RIVET, $-   , $-   ,
172009,5/8 X 70MM RIVET, $-   , $-   ,
172010,M16X25MM OD.ROD COUPL BLKL, $-   , $-   ,
172011,SHORT LOCK BRKT (PLATFORM), $-   , $-   ,
172012,LONG LOCK BRKT (PLATFORM), $-   , $-   ,
172013,50MM M CLIP, $-   , $-   ,
172014,38 OD X 3.2 ERW TUBE/M, $-   , $-   ,
172015,64X64X4.9MM RHS F/HEAD M/G, $-   , $-   ,
172016,200MM SPIGOT UNIT GALV, $-   , $-   ,
172017,250MM SPIGOT UNIT GALV, $-   , $-   ,
172018,M16 GALV NUT EACH, $-   , $-   ,
172019,M16 GALV WASHER EACH, $-   , $-   ,
172020,K/FOLD H/RAIL SECTION 2166, $-   , $-   ,
172021,K/FOLD H/RAIL SECTION 1004, $-   , $-   ,
172022,40 NB H/GAL TUBE MTRS, $-   , $-   ,
172023,50X50 4.0MM RHS BLK, $-   , $-   ,
172024,M16 X 120MM BOLT Z/P, $-   , $-   ,
172025,K/FOLD MESH 2950 X 1050, $-   , $-   ,
172026,K/FOLD MESH 1950 X 1050, $-   , $-   ,
172027,K/FOLD PLATFORM UNFINISHED, $-   , $-   ,
172034,K/FOLD MESH PANEL 6M X 2.3M,$6.38,$613.20,
172035,K/FOLD MESH PANEL 4M X2.3M,$4.53,$432.40,
172037,K/FOLD HALF UNIT PLATFORM,$2.18,$210.30,
172048,K/FOLD UNIT PLATFORM,$2.38,$228.94,
172049,K/FOLD STAIR PFORM 0.7M,$1.47,$122.13,
172050,K/FOLD STAIR PFORM 1.2M,$1.28,$140.64,
180000,SOLEBOARDS .5M, $-   , $-   ,
180900,0.9M (N) FRAME,$0.50,$55.20,5
180901,0.9M (W) FRAME,$0.50,$55.20,7.5
180902,1.5M (N) FRAME,$0.50,$55.20,7.5
180903,1.5M (W) FRAME,$0.50,$55.20,10.5
180904,1.2M FRAME,$0.50,$55.20,8.5
180905,LONG BRACES,$0.22,$20.24,3
180906,SHORT BRACES,$0.22,$20.24,4.5
180907,HANDRAILS,$0.25,$6.44,5.7
180908,HANDRAIL POSTS,$0.25,$9.20,6.3
180909,JOINT PINS,$0.15,$5.06,1
180910,1.8M FIBREGLASS BOARDS,$1.07,$69.92,13.6
180911,4.2M KARRI,$1.58,$130.04,31.7
180912,1.8M STEEL BOARDS,$1.07,$41.86,13
180913,BALCONY POSTS,$1.68,$73.60,7.8
180940,6.0M LADDER,$5.31,$268.63,14.1
180941,5.4M LADDER,$4.58,$238.36,12.7
180942,4.8M LADDER,$4.37,$219.08,11.4
180943,M/S 1 STEP BRACKET, $-   ,$40.58,3.5
180944,DM STAIR SPIGGOT, $-   ,$37.99,3.7
SP9001,TIE CLAMP COLUMN (HEAD ONLY),$0.63,$55.16,9.4
SP9002,TIE CLAMP YOKE (HEAD ONLY),$1.16,$100.56,15.6
SP7001,TIE CLAMP COLUMN (HEAD ONLY),$0.63,$55.16,9.4
SP7002,TIE CLAMP YOKE (HEAD ONLY),$1.16,$100.56,15.6
SP9003,INT CRN FILLER 1x1,$0.60,$33.76,2.83
SP9004,INT CRN FILLER 3x3,$3.53,$202.56,16.95
SP9005,INT CRN FILLER 1x2 RIGHT,$1.76,$101.28,8.48
SP9006,INT CRN FILLER 1x3 RIGHT,$2.35,$135.04,11.3
SP9007,INT CRN FILLER 1x2 LEFT,$1.76,$101.28,8.48
SP9008,INT CRN FILLER 2x3 RIGHT,$2.94,$168.80,14.13
SP9009,INT CRN FILLER 1x3 LEFT,$2.35,$135.04,11.3
SP9010,INT CRN FILLER 2x3 LEFT,$2.94,$168.80,14.13
SP9011,DO NOT USE, $-   ,$-,0
SP9012,SOLEBOARDS 2.7M, $-   ,$-,0
SP7003,INT CRN FILLER 1x1,$0.60,$33.76,2.83
SP7004,INT CRN FILLER 3x3,$3.53,$202.56,16.95
SP7005,INT CRN FILLER 1x2 RIGHT,$1.76,$101.28,8.48
SP7006,INT CRN FILLER 1x3 RIGHT,$2.35,$135.04,11.3
SP7007,INT CRN FILLER 1x2 LEFT,$1.76,$101.28,8.48
SP7008,INT CRN FILLER 2x3 RIGHT,$2.94,$168.80,14.13
SP7009,INT CRN FILLER 1x3 LEFT,$2.35,$135.04,11.3
SP7010,INT CRN FILLER 2x3 LEFT,$2.94,$168.80,14.13
SP7011,DO NOT USE, $-   ,$-,0
SP7012,SOLEBOARDS 2.7M, $-   ,$-,0
SP7013,SHADECLOTH (M^2), $-   ,$1.61,0.2
SP7014,CHAIN WIRE MESH (M^2), $-   ,$3.15,2.3
TEXT,DO NOT USE, $-   ,$-,0
